id,name,type,url,source_origin,route,notes,review_status
OC00001,Ethereum Foundation ESP,Funding Mechanisms Capital Flow,https://esp.ethereum.foundation/,resource_registry_v0_2,Resource Graph,"Added as a reviewable expansion lead; verify fit, URL, and priority before treating as curated.",raw; needs review
OC00002,Obol,Funding Mechanisms Capital Flow,https://obol.org/,resource_registry_v0_2,Resource Graph,"Added as a reviewable expansion lead; verify fit, URL, and priority before treating as curated.",raw; needs review
OC00003,Lido Impact Staking,Funding Mechanisms Capital Flow,https://x.com/impactstake,resource_registry_v0_2,Resource Graph,"Auto-extracted account lead from Twitter archive. Counts are mention/retweet signals, not endorsement.",raw; needs review
OC00004,Raw URL lead - block.science,Tools Protocols Platform,https://block.science/,resource_registry_v0_2,Resource Graph,"Preserved from uploaded documents/text. Context: g research and tooling - https://www.tokenengineeringlabs.com/ - BlockScience - complex systems and token engineering - https://block.science/ - Mechanism Design for Social Good - mechanism design research - https://www.md4sg.com/ ### Ethereum, protocol, and pu",raw; needs review
OC00005,Funding the Commons,Funding Mechanisms Capital Flow,https://fundingthecommons.io/,resource_registry_v0_2,Resource Graph,,raw; needs review
OC00006,Schelling Point,Funding Mechanisms Capital Flow,https://schellingpoint.gitcoin.co/,resource_registry_v0_2,Resource Graph,,raw; needs review
OC00007,Raw URL lead - forum.celo.org,Tools Protocols Platform,https://forum.celo.org/,resource_registry_v0_2,Resource Graph,Preserved from uploaded documents/text. Context: - mechanism governance context - https://forum.tecommons.org/ - Celo Forum - ReFi / public goods ecosystem governance - https://forum.celo.org/ - Maker / Sky Governance Forum - governance / treasury source - https://forum.sky.money/ - Protocol Guild - Ethereum co | trum.foundation/ Ethereum Magicians — https://ethereum-magicians.org/ ethresear.ch — https://ethresear.ch/ Celo Forum — https://forum.,raw; needs review
OC00008,Raw URL lead - forum.tecommons.org,Tools Protocols Platform,https://forum.tecommons.org/,resource_registry_v0_2,Resource Graph,Preserved from uploaded documents/text. Context: ntity/name governance - https://discuss.ens.domains/ - Token Engineering Commons Forum - mechanism governance context - https://forum.tecommons.org/ - Celo Forum - ReFi / public goods ecosystem governance - https://forum.celo.org/ - Maker / Sky Governance Forum - gove | rum — https://forum.celo.org/ Maker / Sky Governance Forum — https://forum.sky.money/ Token Engineering Commons Forum — https://f,raw; needs review
OC00009,Raw URL lead - hub.regencoordination.xyz,Tools Protocols Platform,https://hub.regencoordination.xyz/,resource_registry_v0_2,Resource Graph,Preserved from uploaded documents/text. Context: l as lower-priority historical/mechanism reference Important forum/governance archive surfaces Regen Coordination Hub — https://hub.regencoordination.xyz/ Gitcoin Governance Forum — https://gov.gitcoin.co/ Giveth Forum — https://forum.giveth.io/ Regen Network / Regen Founda,raw; needs review
OC00010,Raw URL lead - podcasts.apple.com,Podcasts Media Show,https://podcasts.apple.com/us/podcast/greenpill/id1609313639,resource_registry_v0_2,Resource Graph,"Preserved from uploaded documents/text. Context: narrative archives - GreenPill Podcast - regenerative crypto, public goods, mechanism design, Ethereum coordination - https://podcasts.apple.com/us/podcast/greenpill/id1609313639 - Crypto Altruists Podcast - web3 impact, ReFi, humanitarian aid, DeSci, public goods - https://www.cryptoaltruists.com | ast and media source systems Three important podcast/media source systems were identified. 7.1 Gree",raw; needs review
OC00011,Raw URL lead - theblockchainsocialist.com,Tools Protocols Platform,https://theblockchainsocialist.com/,resource_registry_v0_2,Resource Graph,"Preserved from uploaded documents/text. Context: altruists.com/podcasts - The Blockchain Socialist - crypto-left, cooperative crypto, public AI, Fileverse, Bread Coop - https://theblockchainsocialist.com/ - Funding the Commons talks - public goods funding and mechanism design source. - The Daily Gwei - Ethereum education a | nge. Routing: Source System Candidate / Podcast Archive / Web3 Impact Case Library. 7.3 The Blockchain Socialist Links: ht",raw; needs review
OC00012,Raw URL lead - discuss.ens.domains,Concepts Frameworks Methodologie,https://discuss.ens.domains/,resource_registry_v0_2,Resource Graph,Preserved from uploaded documents/text. Context: e Forum - ecosystem governance - https://forum.arbitrum.foundation/ - ENS Governance Forum - identity/name governance - https://discuss.ens.domains/ - Token Engineering Commons Forum - mechanism governance context - https://forum.tecommons.org/ - Celo Forum - ReFi / p | Forum — https://forum.sky.money/ Token Engineering Commons Forum — https://forum.tecommons.org/ ENS Governance Forum — https://di,raw; needs review
OC00013,Raw URL lead - tokenengineeringlabs.com,Tools Protocols Platform,https://www.tokenengineeringlabs.com/,resource_registry_v0_2,Resource Graph,Preserved from uploaded documents/text. Context: ng community - https://tokenengineeringcommons.org/ - Token Engineering Labs - token engineering research and tooling - https://www.tokenengineeringlabs.com/ - BlockScience - complex systems and token engineering - https://block.science/ - Mechanism Design for Social Good - me,raw; needs review
OC00014,GoodDollar 💙🌏,Funding Mechanisms Capital Flow,https://x.com/gooddollarorg,resource_registry_v0_2,Resource Graph,"Auto-extracted account lead from Twitter archive. Counts are mention/retweet signals, not endorsement.",raw; needs review
OC00015,Sarafu / Grassroots Economics,Funding Mechanisms Capital Flow,https://www.grassrootseconomics.org/,resource_registry_v0_2,Resource Graph,,raw; needs review
OC00016,Citizen Wallet,Funding Mechanisms Capital Flow,https://citizenwallet.xyz/,resource_registry_v0_2,Resource Graph,,raw; needs review
OC00017,Grassroots Economics,Funding Mechanisms Capital Flow,https://www.grassecon.org/,resource_registry_v0_2,Resource Graph,"Added as a reviewable expansion lead; verify fit, URL, and priority before treating as curated.",raw; needs review
OC00018,Sarafu Network,Funding Mechanisms Capital Flow,https://sarafu.network/,resource_registry_v0_2,Resource Graph,"Added as a reviewable expansion lead; verify fit, URL, and priority before treating as curated.",raw; needs review
OC00019,URL lead - sarafu.network,Funding Mechanisms Capital Flow,http://sarafu.network,resource_registry_v0_2,Resource Graph,"Auto-extracted URL lead from Twitter archive. Context: RT @mbauwens: Will Ruddick argues, and shows, through practice in the https://t.co/kyK2lnCikg , that

* Through Cosmo-Local Credit,

""the c…",raw; needs review
OC00020,Circles,Funding Mechanisms Capital Flow,https://www.aboutcircles.com/,resource_registry_v0_2,Resource Graph,,raw; needs review
OC00021,Deep Funding,Funding Mechanisms Capital Flow,https://deepfunding.ai/,resource_registry_v0_2,Resource Graph,,raw; needs review
OC00022,Greenpill Podcast,Podcasts Media Show,https://greenpill.network/,resource_registry_v0_2,Resource Graph,"~293 episodes; strong on Ethereum public goods, mechanism design, network nations, Greenpill chapters. Needs review for RSS/canonical link.",raw; needs review
OC00023,Kevin Owocki,Funding Mechanisms Capital Flow,Raw / no canonical link,resource_registry_v0_2,Resource Graph,"Podcast synthesis identifies this person/org as a bridge, guest lead, or cross-pollination node. Treat as social/source-system signal; do not treat as public person profile without review.",raw; needs review
OC00024,Will Ruddick,Funding Mechanisms Capital Flow,Raw / no canonical link,resource_registry_v0_2,Resource Graph,"Podcast synthesis identifies this person/org as a bridge, guest lead, or cross-pollination node. Treat as social/source-system signal; do not treat as public person profile without review.",raw; needs review
OC00025,Protocol Guild,funding mechanism/organization,https://protocol-guild.readthedocs.io/,resource_seed,Source System Candidate,Ethereum core protocol funding commons,raw; needs review
OC00026,Drips,funding protocol,https://www.drips.network/,adjacent_expansion,Option Library,Open-source funding and dependency graph funding,raw; needs review
OC00027,Commons Stack,organization/framework,https://www.commonsstack.org/,resource_seed,Source System Card,Commons mechanism design and TEC context,raw; needs review
OC00028,Token Engineering Commons,community/network,https://tokenengineeringcommons.org/,resource_seed; twitter_signal,Source System Candidate,Token engineering and mechanism design community,raw; needs review
OC00029,Govbase,pattern library,https://govbase.io/,resource_seed,Option Library; Source System,Governance pattern library,raw; needs review
OC00030,Human Passport / Gitcoin Passport,identity tool,https://passport.xyz/,resource_seed,Tooling; Option Library,Sybil resistance and identity,raw; needs review
OC00031,Sarafu Network,platform,https://sarafu.network/,resource_seed; podcast_synthesis,Tooling; Option Library,Community currency and local exchange platform,raw; needs review
OC00032,Glo Dollar,stablecoin/project,https://glodollar.org/,podcast_synthesis,Entity Lead; Funding Mechanisms,Stablecoin for public goods / impact funding,raw; needs review
OC00033,Optimism Retro Funding,funding mechanism/program,https://community.optimism.io/docs/governance/retropgf/,adjacent_expansion,Funding Mechanism; Implementation Memory,Retroactive public goods funding context,raw; needs review
OC00034,MACI,protocol/tool,https://maci.pse.dev/,adjacent_expansion,Tooling; Option Library,Privacy-preserving voting / anti-collusion infrastructure,raw; needs review
OC00035,Bioregional Financing Facilities,framework/model,,podcast_synthesis,Option Library Candidate,Bioregional finance mechanism / source lead,raw; needs review
OC00036,Snapshot,tool/platform,https://snapshot.box/,adjacent_expansion,Tooling; Option Library,Offchain governance voting,raw; needs review
OC00037,Gardens,platform/protocol,https://gardens.fund/,resource_seed,Source System; Option Library,Shared resource coordination / conviction voting / commons governance,raw; needs review
OC00038,Coordinape,tool/platform,https://coordinape.com/,adjacent_expansion,Option Library,Contribution circles / allocations,raw; needs review
OC00039,Living artifact,concept/workflow,,podcast_synthesis,Media Source System Track,"A source-aware, review-aware artifact produced from evolving media/conversation/source-system material",raw; needs review
OC00040,Visibility is not falsifiability,claim/principle,,project_context; CSIS,Structural Integrity Review,A filled template or visible claim is not the same as reviewable structural validity,raw; needs review
OC00041,Social signal scan,workflow,,twitter_context,Social Signal Layer,"Use social media signals for discovery/routing, not endorsement",raw; needs review
OC00042,Media white-space map,workflow,,podcast_synthesis,Media Source System Track,Map under-covered topics emerging from podcast/media/source-system review,raw; needs review
OC00043,Public goods builder reuse layer,workflow,,project_context,Public Goods Builder Track,Help builders discover prior tools/repos/standards/retrospectives before rebuilding,raw; needs review
OC00044,Quadratic Funding,funding mechanism,,resource_seed; adjacent_expansion,Option Library,Funding mechanism emphasizing breadth of support,raw; needs review
OC00045,Retroactive Public Goods Funding,funding mechanism,,resource_seed; adjacent_expansion,Option Library,Rewarding contributions after impact is observed,raw; needs review
OC00046,Hypercerts marketplaces,funding/impact mechanism,https://docs.hypercerts.org/,resource_seed; podcast_synthesis,Option Library,Claims about impact and retro funding markets,raw; needs review
OC00047,Octant-style yield funding,funding mechanism,https://octant.build/,resource_seed; twitter_signal,Option Library,ETH staking/yield-based public goods distribution,raw; needs review
OC00048,Public goods staking,funding mechanism,,resource_seed,Option Library,Using staking yield for public goods funding,raw; needs review
OC00049,Commitment pooling,funding/community mechanism,,podcast_synthesis,Option Library,Grassroots Economics / Sarafu-adjacent pooling of commitments,raw; needs review
OC00050,Community Asset Vouchers,local finance mechanism,,podcast_synthesis,Option Library,Grassroots Economics / Sarafu adjacent local exchange instrument,raw; needs review
OC00051,Mutual credit,economic mechanism,,adjacent_expansion,Concept/Option,Local exchange and credit system,raw; needs review
OC00052,Conviction voting,governance/funding mechanism,,resource_seed,Option Library,Time-weighted preference signaling / allocation,raw; needs review
OC00053,Sociocracy consent,governance mechanism,https://sociocracy30.org/,resource_seed,Option Library,Consent-based governance practice,raw; needs review
OC00054,Advice process,governance mechanism,,adjacent_expansion,Option Library,Distributed decision-making process,raw; needs review
OC00055,Steward ownership,ownership model,https://purpose-economy.org/en/,resource_seed,Option Library,Purpose Foundation / ownership model,raw; needs review
OC00056,Participatory budgeting,governance/funding mechanism,,adjacent_expansion,Option Library,Community allocation mechanism,raw; needs review
OC00057,MACI-based private voting,governance/privacy mechanism,https://maci.pse.dev/,adjacent_expansion,Option Library,Privacy/collusion resistance for voting/funding,raw; needs review
OC00058,Stablecoins as impact rails,white-space/research prompt,,podcast_synthesis,Funding Mechanisms; Tooling,"Humanitarian, nonprofit, and local-economy use cases",raw; needs review
OC00059,Visibility is not falsifiability,claim/question/evidence lead,,CSIS_context,Structural Integrity Review,A visible or filled-out template is not equivalent to structurally reviewable validity.,raw; needs review
