id,url,domain,tweet_url_count,tweet_id_examples,source_origin,notes
URL00001,http://forum.regen.network,forum.regen.network,2,"2014751594378649668, 1981058297563402482",Twitter/X archive,raw URL signal; not endorsement
URL00002,https://paragraph.com/@greenpill/q1-2025-laying-the-groundwork,paragraph.com,2,"1923389830047625296, 1918673757876437242",Twitter/X archive,raw URL signal; not endorsement
URL00003,https://explorer.gitcoin.co/#/round/42161/867/128,explorer.gitcoin.co,2,"1911841520551895176, 1909664599471014133",Twitter/X archive,raw URL signal; not endorsement
URL00004,https://explorer.gitcoin.co/#/round/42220/31/54,explorer.gitcoin.co,2,"1911841520551895176, 1909664599471014133",Twitter/X archive,raw URL signal; not endorsement
URL00005,http://x.com/i/article/2062883827601854464,x.com,1,2063662021040570708,Twitter/X archive,raw URL signal; not endorsement
URL00006,http://x.com/i/article/2056505474695208960,x.com,1,2062601212642341032,Twitter/X archive,raw URL signal; not endorsement
URL00007,https://github.com/ethereum/EIPs/pull/11762,github.com,1,2062543631626489940,Twitter/X archive,raw URL signal; not endorsement
URL00008,http://x.com/i/article/2062126128483934208,x.com,1,2062543572285493747,Twitter/X archive,raw URL signal; not endorsement
URL00009,http://x.com/i/article/2061996825691967488,x.com,1,2062543490236506507,Twitter/X archive,raw URL signal; not endorsement
URL00010,https://hashcloak.com/blog/how-ethereum-plans-to-replace-bls-with-post-quantum-signatures,hashcloak.com,1,2062543181435044298,Twitter/X archive,raw URL signal; not endorsement
URL00011,http://x.com/i/article/2060390400083496960,x.com,1,2061514148572262799,Twitter/X archive,raw URL signal; not endorsement
URL00012,http://x.com/i/article/2058853605004988416,x.com,1,2061514060147925437,Twitter/X archive,raw URL signal; not endorsement
URL00013,http://x.com/i/article/2060105581072171009,x.com,1,2061513867755147723,Twitter/X archive,raw URL signal; not endorsement
URL00014,https://ethresear.ch/t/building-index-tracking-assets-on-top-of-options-instead-of-debt/25036,ethresear.ch,1,2061513766085202313,Twitter/X archive,raw URL signal; not endorsement
URL00015,http://x.com/i/article/2061141171511107584,x.com,1,2061513141125538007,Twitter/X archive,raw URL signal; not endorsement
URL00016,http://x.com/i/article/2061437516650020864,x.com,1,2061512895075086419,Twitter/X archive,raw URL signal; not endorsement
URL00017,http://x.com/i/article/2060348097738293253,x.com,1,2060405569073119581,Twitter/X archive,raw URL signal; not endorsement
URL00018,http://x.com/i/article/2059273350539857920,x.com,1,2060405522214383985,Twitter/X archive,raw URL signal; not endorsement
URL00019,http://x.com/i/article/2054512447411654656,x.com,1,2055040568724423109,Twitter/X archive,raw URL signal; not endorsement
URL00020,https://paragraph.com/@holonic-horizons/frame-language-values-are-not-a-strategy?referrer=0xfF6d6a7718A234A84f740480Dbb07f6c09cF1cD5,paragraph.com,1,2054234171732533394,Twitter/X archive,raw URL signal; not endorsement
URL00021,https://www.ethereumlocalism.xyz/knowledge-garden/resources/Ethereum-Localism-Registry,ethereumlocalism.xyz,1,2036406462679773673,Twitter/X archive,raw URL signal; not endorsement
URL00022,https://thelivinglib.org/how-ai-could-restore-trust-in-democratic-governance/,thelivinglib.org,1,2036087803633672422,Twitter/X archive,raw URL signal; not endorsement
URL00023,http://x.com/i/article/2035067501277847552,x.com,1,2035202702410473632,Twitter/X archive,raw URL signal; not endorsement
URL00024,https://abundances.substack.com/?r=dgwxu&utm_campaign=referrals-subscribe-page-share-screen&utm_medium=web,abundances.substack.com,1,2034696687914992015,Twitter/X archive,raw URL signal; not endorsement
URL00025,http://x.com/i/article/2034664252145901568,x.com,1,2034696415541133402,Twitter/X archive,raw URL signal; not endorsement
URL00026,http://x.com/i/article/2033894681965117441,x.com,1,2034515580535918772,Twitter/X archive,raw URL signal; not endorsement
URL00027,http://x.com/i/article/2030717360672272384,x.com,1,2034514259611119754,Twitter/X archive,raw URL signal; not endorsement
URL00028,http://x.com/i/article/2034304073302990848,x.com,1,2034354609867604411,Twitter/X archive,raw URL signal; not endorsement
URL00029,http://x.com/i/article/2034029278661382145,x.com,1,2034240105683042566,Twitter/X archive,raw URL signal; not endorsement
URL00030,http://x.com/i/article/2033909494313586688,x.com,1,2034102700367860009,Twitter/X archive,raw URL signal; not endorsement
URL00031,http://x.com/i/article/2033935058961068033,x.com,1,2034023419012866542,Twitter/X archive,raw URL signal; not endorsement
URL00032,http://x.com/i/article/2033851337645891584,x.com,1,2033877265344233561,Twitter/X archive,raw URL signal; not endorsement
URL00033,https://datasociety.net/points/building-civic-strength-for-an-ai-era/,datasociety.net,1,2033593026501611596,Twitter/X archive,raw URL signal; not endorsement
URL00034,http://x.com/i/article/2032180631409426434,x.com,1,2032195222495449389,Twitter/X archive,raw URL signal; not endorsement
URL00035,http://x.com/i/article/2031240381510094848,x.com,1,2032182489280659463,Twitter/X archive,raw URL signal; not endorsement
URL00036,https://link.springer.com/article/10.1007/s11077-024-09563-4,link.springer.com,1,2032182423992066111,Twitter/X archive,raw URL signal; not endorsement
URL00037,http://x.com/i/article/2032089015327883264,x.com,1,2032167591926468768,Twitter/X archive,raw URL signal; not endorsement
URL00038,http://x.com/i/article/2031260463280041986,x.com,1,2032119955248849094,Twitter/X archive,raw URL signal; not endorsement
URL00039,https://gov.gitcoin.co/t/gg23-predictive-funding-challenge-retrospective/25163,gov.gitcoin.co,1,2031739906561659188,Twitter/X archive,raw URL signal; not endorsement
URL00040,https://x.com/i/spaces/1yxBeMMjgzMJN,x.com,1,2031432115007467949,Twitter/X archive,raw URL signal; not endorsement
URL00041,http://x.com/i/article/2031024894620975104,x.com,1,2031384451083575468,Twitter/X archive,raw URL signal; not endorsement
URL00042,http://x.com/i/article/2031025833964658688,x.com,1,2031379609539764384,Twitter/X archive,raw URL signal; not endorsement
URL00043,https://donellameadows.org/archives/leverage-points-places-to-intervene-in-a-system/,donellameadows.org,1,2031379561339039869,Twitter/X archive,raw URL signal; not endorsement
URL00044,https://publicnouns.wtf/vote/80,publicnouns.wtf,1,2031296384234590313,Twitter/X archive,raw URL signal; not endorsement
URL00045,http://x.com/i/article/2029310888705179649,x.com,1,2031295710482555251,Twitter/X archive,raw URL signal; not endorsement
URL00046,http://x.com/i/article/2030961559061528576,x.com,1,2031078659247738884,Twitter/X archive,raw URL signal; not endorsement
URL00047,http://x.com/i/article/2029944322876133380,x.com,1,2030361531989291422,Twitter/X archive,raw URL signal; not endorsement
URL00048,http://x.com/i/article/2029947595485769728,x.com,1,2030336017627074595,Twitter/X archive,raw URL signal; not endorsement
URL00049,https://stage.gitcoin.co/research/post-capitalist-substrate-of-the-abundance-economy,stage.gitcoin.co,1,2030335904657666213,Twitter/X archive,raw URL signal; not endorsement
URL00050,http://x.com/i/article/2029619828831703042,x.com,1,2030027575469199428,Twitter/X archive,raw URL signal; not endorsement
URL00051,https://www.publicdeliberation.net/why-millions-can-deliberate-it-just-requires-an-economy-that-supports-mass-participation/,publicdeliberation.net,1,2030027318307987929,Twitter/X archive,raw URL signal; not endorsement
URL00052,http://x.com/i/article/2029188774396149760,x.com,1,2029933941478605156,Twitter/X archive,raw URL signal; not endorsement
URL00053,http://x.com/i/article/2029598096880291840,x.com,1,2029931953227432278,Twitter/X archive,raw URL signal; not endorsement
URL00054,http://x.com/i/article/2029683955176198144,x.com,1,2029931685882523801,Twitter/X archive,raw URL signal; not endorsement
URL00055,http://x.com/i/article/2029489286559510528,x.com,1,2029649411505115273,Twitter/X archive,raw URL signal; not endorsement
URL00056,https://centreforpublicimpact.org/resource-hub/collaborative-governance-for-a-stronger-democracy/,centreforpublicimpact.org,1,2029328106096390372,Twitter/X archive,raw URL signal; not endorsement
URL00057,http://x.com/i/article/2028963410080350208,x.com,1,2029328067101859906,Twitter/X archive,raw URL signal; not endorsement
URL00058,http://x.com/i/article/2029105405570289664,x.com,1,2029292798671806969,Twitter/X archive,raw URL signal; not endorsement
URL00059,https://app.t2.world/article/cmbuodxit01z110hd6vd9bl6t,app.t2.world,1,2028950456685166926,Twitter/X archive,raw URL signal; not endorsement
URL00060,http://x.com/i/article/2028878598048727040,x.com,1,2028889295335968779,Twitter/X archive,raw URL signal; not endorsement
URL00061,https://www.chaincatcher.com/en/article/2247966,chaincatcher.com,1,2028854717284020465,Twitter/X archive,raw URL signal; not endorsement
URL00062,https://earthweavers.substack.com/p/soilpunk-for-a-regenerative-future,earthweavers.substack.com,1,2028213117654606111,Twitter/X archive,raw URL signal; not endorsement
URL00063,http://x.com/i/article/2014399428317339648,x.com,1,2028212307612893514,Twitter/X archive,raw URL signal; not endorsement
URL00064,http://x.com/i/article/2027441986324860933,x.com,1,2027476507975671815,Twitter/X archive,raw URL signal; not endorsement
URL00065,http://x.com/i/article/2027074644574863360,x.com,1,2027476367173161026,Twitter/X archive,raw URL signal; not endorsement
URL00066,http://x.com/i/article/2027468925378650112,x.com,1,2027476245559066958,Twitter/X archive,raw URL signal; not endorsement
URL00067,https://plurality.net/ja/,plurality.net,1,2027444334216335818,Twitter/X archive,raw URL signal; not endorsement
URL00068,http://x.com/i/article/2027286970167152640,x.com,1,2027443375746511044,Twitter/X archive,raw URL signal; not endorsement
URL00069,https://www.mozillafoundation.org/en/what-we-do/grantmaking/incubator/democracy-ai-cohort/,mozillafoundation.org,1,2027108780312260927,Twitter/X archive,raw URL signal; not endorsement
URL00070,http://x.com/i/article/2023139761049772033,x.com,1,2027101924382707815,Twitter/X archive,raw URL signal; not endorsement
URL00071,http://x.com/i/article/2026764089079508993,x.com,1,2026865515973538182,Twitter/X archive,raw URL signal; not endorsement
URL00072,https://grokipedia.com/page/DeSci_Asia,grokipedia.com,1,2026798023699832907,Twitter/X archive,raw URL signal; not endorsement
URL00073,https://www.nature.com/articles/s41599-026-06594-5,nature.com,1,2026691805794721836,Twitter/X archive,raw URL signal; not endorsement
URL00074,https://hub.regencoordination.xyz/t/decleanup-network-base-app-launched-celo-in-testing-playbook-published-docs-live-heres-everything/394,hub.regencoordination.xyz,1,2026377394689290434,Twitter/X archive,raw URL signal; not endorsement
URL00075,http://x.com/i/article/2024112050687836160,x.com,1,2026377369687093294,Twitter/X archive,raw URL signal; not endorsement
URL00076,http://x.com/i/article/2026256162866221056,x.com,1,2026342661301367025,Twitter/X archive,raw URL signal; not endorsement
URL00077,http://x.com/i/article/2026322199666438144,x.com,1,2026328412940329065,Twitter/X archive,raw URL signal; not endorsement
URL00078,https://ash.harvard.edu/resources/the-ecosystem-of-deliberative-technologies-for-public-input/,ash.harvard.edu,1,2026100813106454802,Twitter/X archive,raw URL signal; not endorsement
URL00079,https://www.netxstate.com/,netxstate.com,1,2025994018442633261,Twitter/X archive,raw URL signal; not endorsement
URL00080,https://bookpower-website.netlify.app/,bookpower-website.netlify.app,1,2052117423277453472,Twitter/X archive,raw URL signal; not endorsement
URL00081,http://bloomnetwork.earth,bloomnetwork.earth,1,2024484120844239110,Twitter/X archive,raw URL signal; not endorsement
URL00082,https://www.myprivacy.blog/the-digital-iron-curtain-how-iran-built-the-worlds-most-invasive-surveillance-state/,myprivacy.blog,1,2024208870298571019,Twitter/X archive,raw URL signal; not endorsement
URL00083,http://x.com/i/article/2024192114951933954,x.com,1,2024208292726132838,Twitter/X archive,raw URL signal; not endorsement
URL00084,http://x.com/i/article/2024144031639306240,x.com,1,2024204757636686089,Twitter/X archive,raw URL signal; not endorsement
URL00085,http://x.com/i/article/2022345326816821249,x.com,1,2023904146366120007,Twitter/X archive,raw URL signal; not endorsement
URL00086,http://x.com/i/article/2021261046170718208,x.com,1,2023904130234745083,Twitter/X archive,raw URL signal; not endorsement
URL00087,http://x.com/i/article/2023822030626230272,x.com,1,2023869625331839036,Twitter/X archive,raw URL signal; not endorsement
URL00088,https://incented.co/docs/conviction-market,incented.co,1,2023474316147565024,Twitter/X archive,raw URL signal; not endorsement
URL00089,http://x.com/i/article/2016558940742701057,x.com,1,2023468909823775041,Twitter/X archive,raw URL signal; not endorsement
URL00090,http://x.com/i/article/2022403585586401283,x.com,1,2022416755755557352,Twitter/X archive,raw URL signal; not endorsement
URL00091,http://x.com/i/article/2021944400302018560,x.com,1,2022384146677666240,Twitter/X archive,raw URL signal; not endorsement
URL00092,https://stephenreid.substack.com/?r=dgwxu&utm_campaign=referrals-subscribe-page-share-screen&utm_medium=web,stephenreid.substack.com,1,2022177167493542080,Twitter/X archive,raw URL signal; not endorsement
URL00093,http://x.com/i/article/2021482969265750016,x.com,1,2022166142803226949,Twitter/X archive,raw URL signal; not endorsement
URL00094,http://x.com/i/article/2021999683716231170,x.com,1,2022166092375031950,Twitter/X archive,raw URL signal; not endorsement
URL00095,http://x.com/i/article/2021315943872204800,x.com,1,2021661399672668328,Twitter/X archive,raw URL signal; not endorsement
URL00096,http://x.com/i/article/2021371601980182528,x.com,1,2021661313622258116,Twitter/X archive,raw URL signal; not endorsement
URL00097,https://wiki.p2pfoundation.net/Cosmo-Local_Intelligence,wiki.p2pfoundation.net,1,2021660583439802567,Twitter/X archive,raw URL signal; not endorsement
URL00098,https://carboncopy.news/content/web3-tooling-series/the-recommendation,carboncopy.news,1,2020901201223508024,Twitter/X archive,raw URL signal; not endorsement
URL00099,https://x.com/GreenpillWrites/status/2018253617677959424,x.com,1,2020901201223508024,Twitter/X archive,raw URL signal; not endorsement
URL00100,http://x.com/i/article/2020808046247907329,x.com,1,2020882953983672387,Twitter/X archive,raw URL signal; not endorsement
URL00101,http://decleanup.net/litepaper,decleanup.net,1,2020590572164067727,Twitter/X archive,raw URL signal; not endorsement
URL00102,https://medium.com/primedao/exploring-dao2dao-collaboration-mechanisms-c37218a17a21,medium.com,1,2020131364473884954,Twitter/X archive,raw URL signal; not endorsement
URL00103,http://x.com/i/article/2019783139376173056,x.com,1,2019908881351114898,Twitter/X archive,raw URL signal; not endorsement
URL00104,http://x.com/i/article/2015826848869920778,x.com,1,2019907825561137348,Twitter/X archive,raw URL signal; not endorsement
URL00105,https://nathanschneider.info/2026/02/constitutional-agents-for-online-governance/,nathanschneider.info,1,2019569387599179935,Twitter/X archive,raw URL signal; not endorsement
URL00106,http://x.com/i/article/2018729653586812929,x.com,1,2019464160594043078,Twitter/X archive,raw URL signal; not endorsement
URL00107,http://x.com/i/article/2016905482670129153,x.com,1,2019192776529780862,Twitter/X archive,raw URL signal; not endorsement
URL00108,https://paragraph.com/durgadas.eth,paragraph.com,1,2019138020662997244,Twitter/X archive,raw URL signal; not endorsement
URL00109,http://x.com/i/article/2019035263582842880,x.com,1,2019127295727005925,Twitter/X archive,raw URL signal; not endorsement
URL00110,http://x.com/i/article/2019117513318277121,x.com,1,2019126990222291190,Twitter/X archive,raw URL signal; not endorsement
URL00111,https://www.resilience.org/stories/2026-02-03/when-infrastructure-falls-apart-living-systems-take-over/,resilience.org,1,2018784352294055963,Twitter/X archive,raw URL signal; not endorsement
URL00112,http://x.com/i/article/2017230079118458880,x.com,1,2018775482020356359,Twitter/X archive,raw URL signal; not endorsement
URL00113,http://x.com/i/article/2018690954031460352,x.com,1,2018764557842325723,Twitter/X archive,raw URL signal; not endorsement
URL00114,http://x.com/i/article/2018353742354186240,x.com,1,2018410734107934814,Twitter/X archive,raw URL signal; not endorsement
URL00115,http://x.com/i/article/2018164804976795648,x.com,1,2018391568055402929,Twitter/X archive,raw URL signal; not endorsement
URL00116,https://carboncopy.news/content/web3-tooling-series/the-experience,carboncopy.news,1,2018253617677959424,Twitter/X archive,raw URL signal; not endorsement
URL00117,https://x.com/GreenpillWrites/status/2015695327731302766,x.com,1,2018253617677959424,Twitter/X archive,raw URL signal; not endorsement
URL00118,http://x.com/i/article/2016836362377252864,x.com,1,2017599459975122946,Twitter/X archive,raw URL signal; not endorsement
URL00119,https://medium.com/curator-multisig-phf-official-channel/thedao-curator-multisig-a-decade-later-572796549d70,medium.com,1,2017043854780760340,Twitter/X archive,raw URL signal; not endorsement
URL00120,http://x.com/i/article/2016925866463506432,x.com,1,2017043699071369336,Twitter/X archive,raw URL signal; not endorsement
URL00121,http://x.com/i/article/2016654428737327106,x.com,1,2016892677753606538,Twitter/X archive,raw URL signal; not endorsement
URL00122,http://x.com/i/article/2016534346568761344,x.com,1,2016579217517896031,Twitter/X archive,raw URL signal; not endorsement
URL00123,https://paragraph.com/@holonic-horizons/social-architecture-series-part1-the-foundations-of-sustainable-organizations-four-batteries,paragraph.com,1,2015898122296123862,Twitter/X archive,raw URL signal; not endorsement
URL00124,http://x.com/i/article/2015754191487053826,x.com,1,2015838647048618342,Twitter/X archive,raw URL signal; not endorsement
URL00125,http://x.com/i/article/2014755878034124800,x.com,1,2015811930884018509,Twitter/X archive,raw URL signal; not endorsement
URL00126,https://www.commons-hub.at/post/thefirstcycle,commons-hub.at,1,2015799565392183488,Twitter/X archive,raw URL signal; not endorsement
URL00127,http://x.com/i/article/2014674094474604544,x.com,1,2015795314628640940,Twitter/X archive,raw URL signal; not endorsement
URL00128,https://carboncopy.news/content/web3-tooling-series/the-data,carboncopy.news,1,2015695327731302766,Twitter/X archive,raw URL signal; not endorsement
URL00129,https://x.com/GreenpillWrites/status/2014722503294230647,x.com,1,2015695327731302766,Twitter/X archive,raw URL signal; not endorsement
URL00130,https://bambualportugal.pt/wp-content/uploads/2024/11/DEGUSTACAO-Syntropic-Agriculture.pdf,bambualportugal.pt,1,2015546588756660478,Twitter/X archive,raw URL signal; not endorsement
URL00131,http://x.com/i/article/2014784402606161920,x.com,1,2015418222216950254,Twitter/X archive,raw URL signal; not endorsement
URL00132,https://coglib.no/documents/public-education.pdf,coglib.no,1,2015417881350074553,Twitter/X archive,raw URL signal; not endorsement
URL00133,https://open.substack.com/pub/abundances/p/building-a-21st-century-economy?utm_source=share&utm_medium=android&r=16vckg,open.substack.com,1,2014523430662451583,Twitter/X archive,raw URL signal; not endorsement
URL00134,http://x.com/i/article/2014360356009697280,x.com,1,2014467962254578004,Twitter/X archive,raw URL signal; not endorsement
URL00135,http://x.com/i/article/2049245957695639552,x.com,1,2049557996649197610,Twitter/X archive,raw URL signal; not endorsement
URL00136,https://paragraph.com/@holonic-horizons/frame-language-vocabulary-is-structure-is-code-is-law?referrer=0xfF6d6a7718A234A84f740480Dbb07f6c09cF1cD5,paragraph.com,1,2049547948548100580,Twitter/X archive,raw URL signal; not endorsement
URL00137,http://x.com/i/article/2049537214158405632,x.com,1,2049538753262141594,Twitter/X archive,raw URL signal; not endorsement
URL00138,https://medium.com/predict/from-code-to-coherence-0977dc80dd87,medium.com,1,2047871004874100985,Twitter/X archive,raw URL signal; not endorsement
URL00139,http://x.com/i/article/2047285496112467968,x.com,1,2047709566855446887,Twitter/X archive,raw URL signal; not endorsement
URL00140,https://paragraph.com/@holonic-horizons/the-castle-and-the-ladder,paragraph.com,1,2047708752590094798,Twitter/X archive,raw URL signal; not endorsement
URL00141,https://omniharmonic.substack.com/p/a-regenerative-accelerationist-manifesto,omniharmonic.substack.com,1,2014321482499752024,Twitter/X archive,raw URL signal; not endorsement
URL00142,https://open.substack.com/pub/commonplanet/p/nations-corporations-and-the-first,open.substack.com,1,2014321384604725367,Twitter/X archive,raw URL signal; not endorsement
URL00143,http://x.com/i/article/2013228676293242880,x.com,1,2014049958375161940,Twitter/X archive,raw URL signal; not endorsement
URL00144,http://x.com/i/article/2013661230460727296,x.com,1,2013714930243969512,Twitter/X archive,raw URL signal; not endorsement
URL00145,http://x.com/i/article/2013287343315103748,x.com,1,2013707557961875933,Twitter/X archive,raw URL signal; not endorsement
URL00146,http://x.com/i/article/2013614396660989953,x.com,1,2013643346216980921,Twitter/X archive,raw URL signal; not endorsement
URL00147,https://localscale.org/blog/post.jsp?uid=6mc6a15b-ae3a-48f2-af76-42f8ec0ca025,localscale.org,1,2013643282106999236,Twitter/X archive,raw URL signal; not endorsement
URL00148,http://x.com/i/article/2013342181013229568,x.com,1,2013382791321243740,Twitter/X archive,raw URL signal; not endorsement
URL00149,http://x.com/i/article/2013298035317723136,x.com,1,2013336075389808999,Twitter/X archive,raw URL signal; not endorsement
URL00150,https://gov.gitcoin.co/t/proposal-gitcoin-x-octant-yield-powered-matching-pilot/25065,gov.gitcoin.co,1,2013335983916265670,Twitter/X archive,raw URL signal; not endorsement
URL00151,http://x.com/i/article/2013008223658221568,x.com,1,2013305358790295674,Twitter/X archive,raw URL signal; not endorsement
URL00152,http://x.com/i/article/2013169287108931584,x.com,1,2013304749571944854,Twitter/X archive,raw URL signal; not endorsement
URL00153,http://x.com/i/article/2012571633639165952,x.com,1,2012610054386487673,Twitter/X archive,raw URL signal; not endorsement
URL00154,https://decentralizedthoughts.github.io/,decentralizedthoughts.github.io,1,2012251352924098872,Twitter/X archive,raw URL signal; not endorsement
URL00155,http://x.com/i/article/2011957941042098178,x.com,1,2012249898138161298,Twitter/X archive,raw URL signal; not endorsement
URL00156,http://x.com/i/article/2011525266607104000,x.com,1,2011937366391291944,Twitter/X archive,raw URL signal; not endorsement
URL00157,https://forum.celo.org/t/introducing-clc-dao-credit-routing-for-the-long-tail-of-real-world-commitments-on-celo/12910,forum.celo.org,1,2011930385588822494,Twitter/X archive,raw URL signal; not endorsement
URL00158,http://x.com/i/article/2011189774153818114,x.com,1,2011442306671612106,Twitter/X archive,raw URL signal; not endorsement
URL00159,http://x.com/i/article/2011074044246859776,x.com,1,2011170293369184281,Twitter/X archive,raw URL signal; not endorsement
URL00160,http://x.com/i/article/2011034149897871360,x.com,1,2011150274141057228,Twitter/X archive,raw URL signal; not endorsement
URL00161,http://x.com/i/article/2010664201295986688,x.com,1,2011134094818603149,Twitter/X archive,raw URL signal; not endorsement
URL00162,http://x.com/i/article/2010953482476666881,x.com,1,2011098625057902729,Twitter/X archive,raw URL signal; not endorsement
URL00163,http://bloomnetwork.earth/communityposts,bloomnetwork.earth,1,2010878233235845326,Twitter/X archive,raw URL signal; not endorsement
URL00164,http://x.com/i/article/2008156367496908800,x.com,1,2010796244499902785,Twitter/X archive,raw URL signal; not endorsement
URL00165,https://paragraph.com/@holonic-horizons/governance-beyond-game-theory,paragraph.com,1,2010795986780860450,Twitter/X archive,raw URL signal; not endorsement
URL00166,http://x.com/i/article/2010776262520811521,x.com,1,2010794255950987595,Twitter/X archive,raw URL signal; not endorsement
URL00167,https://github.com/robert-mcdermott/ai-knowledge-graph,github.com,1,2010756306530156562,Twitter/X archive,raw URL signal; not endorsement
URL00168,https://open.substack.com/pub/blockchaingov/p/the-blockchaingov-newsletter-28-december?r=2tiv4a&utm_campaign=post&utm_medium=web&showWelcomeOnShare=true,open.substack.com,1,2010714946506489986,Twitter/X archive,raw URL signal; not endorsement
URL00169,http://x.com/i/article/2009265061563453440,x.com,1,2010690266424910208,Twitter/X archive,raw URL signal; not endorsement
URL00170,http://x.com/i/article/2009634608992669696,x.com,1,2010355117187326400,Twitter/X archive,raw URL signal; not endorsement
URL00171,http://x.com/i/article/2009248193532628992,x.com,1,2009988561328845004,Twitter/X archive,raw URL signal; not endorsement
URL00172,https://docs.oso.xyz/blog/prosperous-software,docs.oso.xyz,1,2009778200272941325,Twitter/X archive,raw URL signal; not endorsement
URL00173,https://www.americamagazine.org/faithinfocus/2026/01/09/monastery-quiet-sustainability/,americamagazine.org,1,2009759400181772698,Twitter/X archive,raw URL signal; not endorsement
URL00174,https://stanford-jblp.pubpub.org/pub/genius-dilemma/release/1,stanford-jblp.pubpub.org,1,2009346730123513872,Twitter/X archive,raw URL signal; not endorsement
URL00175,https://gov.gitcoin.co/t/proposal-gitcoin-x-octant-yield-powered-matching-for-gg25/24977,gov.gitcoin.co,1,2009284749206970596,Twitter/X archive,raw URL signal; not endorsement
URL00176,https://paragraph.com/@holonic-horizons/the-exocortex-hypothesis-the-complete-series?referrer=0xfF6d6a7718A234A84f740480Dbb07f6c09cF1cD5,paragraph.com,1,2009066510808158304,Twitter/X archive,raw URL signal; not endorsement
URL00177,http://x.com/i/article/2006463754339602432,x.com,1,2008685394494468453,Twitter/X archive,raw URL signal; not endorsement
URL00178,http://x.com/i/article/2008596013095776257,x.com,1,2008651864230055949,Twitter/X archive,raw URL signal; not endorsement
URL00179,https://x.com/search?q=x402hackathon,x.com,1,2008589452319617242,Twitter/X archive,raw URL signal; not endorsement
URL00180,http://x.com/i/article/2006404184510443521,x.com,1,2008545959794577845,Twitter/X archive,raw URL signal; not endorsement
URL00181,https://3ook.com/store/0xbef7ec8649fb96c8d78ea63d8dfeb40bc2a6eec4?ll_source=bookstore,3ook.com,1,2008540525952221487,Twitter/X archive,raw URL signal; not endorsement
URL00182,http://x.com/i/article/2008016291098230784,x.com,1,2008384083374604337,Twitter/X archive,raw URL signal; not endorsement
URL00183,http://x.com/i/article/1977602744920772608,x.com,1,2008277044103127252,Twitter/X archive,raw URL signal; not endorsement
URL00184,http://x.com/i/article/2007830543967084544,x.com,1,2008276739986715070,Twitter/X archive,raw URL signal; not endorsement
URL00185,http://x.com/i/article/2007937032333795329,x.com,1,2008275668933447883,Twitter/X archive,raw URL signal; not endorsement
URL00186,http://x.com/i/article/2007540819763544064,x.com,1,2008275043470520625,Twitter/X archive,raw URL signal; not endorsement
URL00187,https://news.giveth.io/givnews48,news.giveth.io,1,2007532588253237615,Twitter/X archive,raw URL signal; not endorsement
URL00188,https://dispatches.basin.global/instrumental-serves-intrinsic?referrer=0xF0A3044ba0087e7650751286f9100E2162BCC58b,dispatches.basin.global,1,2007229960101212168,Twitter/X archive,raw URL signal; not endorsement
URL00189,http://x.com/i/article/1977834660831858688,x.com,1,2007229326861975727,Twitter/X archive,raw URL signal; not endorsement
URL00190,http://x.com/i/article/2005722663210344448,x.com,1,2005865779778965905,Twitter/X archive,raw URL signal; not endorsement
URL00191,https://paragraph.com/@holonic-horizons/the-exocortex-hypothesis-part-2-the-spillway-%E2%80%94-unfiltered-input-and-the-pressure-that-builds?referrer=0xfF6d6a7718A234A84f740480Dbb07f6c09cF1cD5,paragraph.com,1,2005864090598543543,Twitter/X archive,raw URL signal; not endorsement
URL00192,http://x.com/i/article/2005590516369608704,x.com,1,2005780596291743759,Twitter/X archive,raw URL signal; not endorsement
URL00193,http://x.com/i/article/2005758090990481408,x.com,1,2005780529728073863,Twitter/X archive,raw URL signal; not endorsement
URL00194,https://blockonomi.com/ethereum-reframed-as-global-public-good-in-new-valuation-framework-by-william-mougayar/,blockonomi.com,1,2005016512202149982,Twitter/X archive,raw URL signal; not endorsement
URL00195,http://x.com/i/article/2003429042003808256,x.com,1,2003558392858812564,Twitter/X archive,raw URL signal; not endorsement
URL00196,https://paragraph.com/@ecofrontiers/ecofrontiers-%E2%80%94-end-of-year-review-2025?referrer=0x864f2c20F55d7b6E80e65332C372C855a67be451,paragraph.com,1,2003558010355077538,Twitter/X archive,raw URL signal; not endorsement
URL00197,http://x.com/i/article/2003463223698493440,x.com,1,2003520398890271101,Twitter/X archive,raw URL signal; not endorsement
URL00198,https://paragraph.com/@holonic-horizons/prevolution-series-when-daos-snap-diagnosing-aave-through-tensegrity-and-prevolution,paragraph.com,1,2003519899709374838,Twitter/X archive,raw URL signal; not endorsement
URL00199,http://x.com/i/article/2003227242835628032,x.com,1,2003495482375700861,Twitter/X archive,raw URL signal; not endorsement
URL00200,http://x.com/i/article/2003344975170506753,x.com,1,2003484978001379598,Twitter/X archive,raw URL signal; not endorsement
URL00201,http://x.com/i/article/2002037480317452288,x.com,1,2003424453389352969,Twitter/X archive,raw URL signal; not endorsement
URL00202,https://paragraph.com/@holonic-horizons/the-exocortex-hypothesis-when-11-million-words-tell-a-different-story?referrer=0xfF6d6a7718A234A84f740480Dbb07f6c09cF1cD5,paragraph.com,1,2003299610832339250,Twitter/X archive,raw URL signal; not endorsement
URL00203,https://ecoversities.org/,ecoversities.org,1,2003264995115827258,Twitter/X archive,raw URL signal; not endorsement
URL00204,http://x.com/i/article/2047094092711006208,x.com,1,2047377426049552667,Twitter/X archive,raw URL signal; not endorsement
URL00205,http://EthResear.ch,ethresear.ch,1,2046615698902786308,Twitter/X archive,raw URL signal; not endorsement
URL00206,https://link.springer.com/article/10.1007/s00146-026-02852-x,link.springer.com,1,2045538682619285610,Twitter/X archive,raw URL signal; not endorsement
URL00207,http://x.com/i/article/2002882812697808897,x.com,1,2002960166463914191,Twitter/X archive,raw URL signal; not endorsement
URL00208,https://willruddick.substack.com/p/seeing-the-economy-weve-always-been,willruddick.substack.com,1,2002959945466257858,Twitter/X archive,raw URL signal; not endorsement
URL00209,http://x.com/i/article/2001484972620673025,x.com,1,2001697367410479492,Twitter/X archive,raw URL signal; not endorsement
URL00210,http://x.com/i/article/2001135898596122624,x.com,1,2001678707673518124,Twitter/X archive,raw URL signal; not endorsement
URL00211,https://news.stanford.edu/stories/2025/12/monolithic-3d-chip-foundry-breakthrough-ai,news.stanford.edu,1,2000604811880771614,Twitter/X archive,raw URL signal; not endorsement
URL00212,https://ensurance.app/guide/why-ai-agents-need-ensurance,ensurance.app,1,2000409395348509022,Twitter/X archive,raw URL signal; not endorsement
URL00213,https://paragraph.com/@holonic-horizons/public-equity-series-turning-extraction-into-abundance,paragraph.com,1,2000034167099199860,Twitter/X archive,raw URL signal; not endorsement
URL00214,https://x.com/gregory_landua/status/1999225334663659652?s=20,x.com,1,1999831026156134577,Twitter/X archive,raw URL signal; not endorsement
URL00215,https://paragraph.com/@chaineresearch/meshing-at-devconnect-argentina,paragraph.com,1,1999655578269024455,Twitter/X archive,raw URL signal; not endorsement
URL00216,https://adjacentpossiblemycelium.earth,adjacentpossiblemycelium.earth,1,1999587707178168455,Twitter/X archive,raw URL signal; not endorsement
URL00217,https://mountainjournal.org/wildlife-crossings-could-see-permanent-federal-funding-through-bipartisan-bill-introduced-by-zinke-and-beyer/,mountainjournal.org,1,1998486161858199905,Twitter/X archive,raw URL signal; not endorsement
URL00218,http://x.com/i/article/1998453641447870464,x.com,1,1998479855403315484,Twitter/X archive,raw URL signal; not endorsement
URL00219,https://icroa.org/carbon-market-conduct-pioneer-passes-on-the-baton/,icroa.org,1,1998464307160322453,Twitter/X archive,raw URL signal; not endorsement
URL00220,http://x.com/i/article/1997368797108580352,x.com,1,1997814546128613651,Twitter/X archive,raw URL signal; not endorsement
URL00221,http://x.com/i/article/1996823328468750336,x.com,1,1997071223700799861,Twitter/X archive,raw URL signal; not endorsement
URL00222,http://x.com/i/article/1991434093259857921,x.com,1,1996702501970829373,Twitter/X archive,raw URL signal; not endorsement
URL00223,https://open.substack.com/pub/abundances/p/make-truth-matter-again?utm_source=share&utm_medium=android&r=16vckg,open.substack.com,1,1996305306817560861,Twitter/X archive,raw URL signal; not endorsement
URL00224,http://x.com/i/article/1995976778989666306,x.com,1,1995982029658235143,Twitter/X archive,raw URL signal; not endorsement
URL00225,http://x.com/i/article/1995773844725137411,x.com,1,1995982005549310377,Twitter/X archive,raw URL signal; not endorsement
URL00226,http://x.com/i/article/1995909470434574336,x.com,1,1995941981005250850,Twitter/X archive,raw URL signal; not endorsement
URL00227,https://open.substack.com/pub/gospelofchange/p/hard-power-a-field-guide-for-community,open.substack.com,1,1995128962674987353,Twitter/X archive,raw URL signal; not endorsement
URL00228,http://x.com/i/article/1990944775617589249,x.com,1,1991559795527283114,Twitter/X archive,raw URL signal; not endorsement
URL00229,https://forms.gle/JR1eoqQa6pwp3H6YA,forms.gle,1,1989062468354691130,Twitter/X archive,raw URL signal; not endorsement
URL00230,https://x.com/GreenpillWrites/status/1935366487998447940,x.com,1,1989062468354691130,Twitter/X archive,raw URL signal; not endorsement
URL00231,https://trustlessness.eth.limo/general/2025/11/11/the-trustless-manifesto.html,trustlessness.eth.limo,1,1988826585537884667,Twitter/X archive,raw URL signal; not endorsement
URL00232,http://x.com/i/article/1987578279088304128,x.com,1,1987964969715949860,Twitter/X archive,raw URL signal; not endorsement
URL00233,http://www.fortheworld.eco/insights/grantee-announcement,fortheworld.eco,1,1987962784911442422,Twitter/X archive,raw URL signal; not endorsement
URL00234,http://x.com/i/article/1987587412478881792,x.com,1,1987616298591764520,Twitter/X archive,raw URL signal; not endorsement
URL00235,http://x.com/i/article/1985722081611292672,x.com,1,1986550334542492099,Twitter/X archive,raw URL signal; not endorsement
URL00236,https://paragraph.com/@greenpill/celebrating-evolution-and-alignment-bread-cooperative-regen-coordination,paragraph.com,1,1986181689031201267,Twitter/X archive,raw URL signal; not endorsement
URL00237,http://x.com/i/article/1985469744196304900,x.com,1,1986175689054142640,Twitter/X archive,raw URL signal; not endorsement
URL00238,https://paragraph.com/@gaiaai/un?referrer=0xCDD8E3620a36251649Bc8feA4f94B58d3De7133D,paragraph.com,1,1985883909633294684,Twitter/X archive,raw URL signal; not endorsement
URL00239,http://x.com/i/article/1985799101175283712,x.com,1,1985820439864631474,Twitter/X archive,raw URL signal; not endorsement
URL00240,https://x.com/i/spaces/1lDxLBVOPomGm,x.com,1,1985751836234785039,Twitter/X archive,raw URL signal; not endorsement
URL00241,https://open.substack.com/pub/abundances/p/lets-talk-about-the-economic-elephant?r=16vckg&utm_campaign=post&utm_medium=web&showWelcomeOnShare=false,open.substack.com,1,1985626730594517369,Twitter/X archive,raw URL signal; not endorsement
URL00242,https://klimanews.substack.com/p/4,klimanews.substack.com,1,1983923378332344504,Twitter/X archive,raw URL signal; not endorsement
URL00243,https://paragraph.com/@holonic-horizons/the-stallman-paradox-how-web3-became-the-ultimate-open-source-theater?referrer=0xfF6d6a7718A234A84f740480Dbb07f6c09cF1cD5,paragraph.com,1,1983026008262426673,Twitter/X archive,raw URL signal; not endorsement
URL00244,https://news.peerbase.xyz/p/ipe-news-9-voting-tools-network-state,news.peerbase.xyz,1,1981161677992448067,Twitter/X archive,raw URL signal; not endorsement
URL00245,https://paragraph.com/@abundance/a-crypto-economic-revolution,paragraph.com,1,1980798399160164554,Twitter/X archive,raw URL signal; not endorsement
URL00246,https://canalalentejo.sapo.pt/feira-abela-art-faire-2025-junta-arte-contemporanea-sustentabilidade-e-comunidade-no-alentejo/,canalalentejo.sapo.pt,1,1980788124054876636,Twitter/X archive,raw URL signal; not endorsement
URL00247,http://x.com/i/article/1980557680067399680,x.com,1,1980643828622323823,Twitter/X archive,raw URL signal; not endorsement
URL00248,https://paragraph.com/@holonic-horizons/the-ai-error-that-survives-every-fix?referrer=0xfF6d6a7718A234A84f740480Dbb07f6c09cF1cD5,paragraph.com,1,2045152163194663116,Twitter/X archive,raw URL signal; not endorsement
URL00249,https://paragraph.com/@city-sync/the-evolution-of-citysync,paragraph.com,1,2044419652982366502,Twitter/X archive,raw URL signal; not endorsement
URL00250,http://x.com/i/article/2043975993853960193,x.com,1,2044419573743485104,Twitter/X archive,raw URL signal; not endorsement
URL00251,http://x.com/i/article/2044318217494052865,x.com,1,2044418939128598617,Twitter/X archive,raw URL signal; not endorsement
URL00252,http://x.com/i/article/2044075283112665088,x.com,1,2044418652418580960,Twitter/X archive,raw URL signal; not endorsement
URL00253,https://pq.ethereum.org/,pq.ethereum.org,1,2044414620694204536,Twitter/X archive,raw URL signal; not endorsement
URL00254,https://x.com/i/spaces/1YpKkkpEwZdKj,x.com,1,1978618081237746170,Twitter/X archive,raw URL signal; not endorsement
URL00255,http://x.com/i/article/1977810842063187968,x.com,1,1978159420384165896,Twitter/X archive,raw URL signal; not endorsement
URL00256,https://forum.giveth.io/t/causes-qf-round-results-wrap-up-september-10-october-2-2025/2117,forum.giveth.io,1,1977847980058153290,Twitter/X archive,raw URL signal; not endorsement
URL00257,https://snapshot.box/#/s:gitcoindao.eth/proposal/0x13c3dced815dba9c84475d1f70e8edd36ff4554473020e57926d3984643dfd6b,snapshot.box,1,1977846014577914224,Twitter/X archive,raw URL signal; not endorsement
URL00258,https://paragraph.com/@city-sync,paragraph.com,1,1976763415432397234,Twitter/X archive,raw URL signal; not endorsement
URL00259,https://jornaloleme.pt/2025/10/08/abela-art-faire-regressa-em-outubro-com-arte-sustentabilidade-e-comunidade/,jornaloleme.pt,1,1976427852481634713,Twitter/X archive,raw URL signal; not endorsement
URL00260,https://news.artizen.fund/p/vending-machine-for-creativity,news.artizen.fund,1,1976373042399121680,Twitter/X archive,raw URL signal; not endorsement
URL00261,http://x.com/i/article/1976024112385409024,x.com,1,1976046751665754416,Twitter/X archive,raw URL signal; not endorsement
URL00262,http://x.com/i/article/1975909413635645440,x.com,1,1975951768296063383,Twitter/X archive,raw URL signal; not endorsement
URL00263,http://x.com/i/article/1975931924364337152,x.com,1,1975947635891843436,Twitter/X archive,raw URL signal; not endorsement
URL00264,https://blog.obol.org/squad-staking-in-csm-v2-more-nodes-less-risk-higher-yield/,blog.obol.org,1,1975386928720871805,Twitter/X archive,raw URL signal; not endorsement
URL00265,http://x.com/i/article/1973700584248127488,x.com,1,1973958438159069296,Twitter/X archive,raw URL signal; not endorsement
URL00266,https://willruddick.substack.com/p/the-heart-and-the-shell,willruddick.substack.com,1,1972945858686787584,Twitter/X archive,raw URL signal; not endorsement
URL00267,https://wiki.p2pfoundation.net/Special:RecentChanges,wiki.p2pfoundation.net,1,1972516671433941315,Twitter/X archive,raw URL signal; not endorsement
URL00268,https://tokenomicsexplained.com/economic-engine/,tokenomicsexplained.com,1,1971827412515409973,Twitter/X archive,raw URL signal; not endorsement
URL00269,http://x.com/i/article/1971218404276051968,x.com,1,1971252364662526331,Twitter/X archive,raw URL signal; not endorsement
URL00270,https://dune.com/rwareport2025,dune.com,1,1970511583563731197,Twitter/X archive,raw URL signal; not endorsement
URL00271,https://vitalik.eth.limo/general/2025/09/21/low_risk_defi.html,vitalik.eth.limo,1,1969598998785753341,Twitter/X archive,raw URL signal; not endorsement
URL00272,http://x.com/i/article/1968296793550028800,x.com,1,1968567119622111295,Twitter/X archive,raw URL signal; not endorsement
URL00273,https://x.com/i/spaces/1mnGeNDEZnLJX,x.com,1,1968512269752381531,Twitter/X archive,raw URL signal; not endorsement
URL00274,http://x.com/i/article/1967635695100649472,x.com,1,1968073946361966728,Twitter/X archive,raw URL signal; not endorsement
URL00275,http://x.com/i/article/1965761574045351936,x.com,1,1966250574451515777,Twitter/X archive,raw URL signal; not endorsement
URL00276,https://wiki.p2pfoundation.net/Ecological_State,wiki.p2pfoundation.net,1,1966174198113644757,Twitter/X archive,raw URL signal; not endorsement
URL00277,https://wiki.p2pfoundation.net/Ecological_State_Protocols,wiki.p2pfoundation.net,1,1966174198113644757,Twitter/X archive,raw URL signal; not endorsement
URL00278,http://x.com/i/article/1965170051507744768,x.com,1,1965575776075739331,Twitter/X archive,raw URL signal; not endorsement
URL00279,https://ethereum.org/roadmap/fusaka/,ethereum.org,1,1964200921220407439,Twitter/X archive,raw URL signal; not endorsement
URL00280,http://x.com/i/article/1963949802061758464,x.com,1,1964111846593511612,Twitter/X archive,raw URL signal; not endorsement
URL00281,http://x.com/i/article/1963302648410710016,x.com,1,1963438088576733452,Twitter/X archive,raw URL signal; not endorsement
URL00282,http://x.com/i/article/1961059145945108480,x.com,1,1961293290650603768,Twitter/X archive,raw URL signal; not endorsement
URL00283,https://gov.gitcoin.co/t/partnership-gitcoin-x-giveth-quadratic-funding-for-oss-domain-in-gg24/23013,gov.gitcoin.co,1,1961292990493696331,Twitter/X archive,raw URL signal; not endorsement
URL00284,http://www.rifaisicilia.com,rifaisicilia.com,1,1960799305461325914,Twitter/X archive,raw URL signal; not endorsement
URL00285,http://x.com/i/article/1960787788468719616,x.com,1,1960799055380193650,Twitter/X archive,raw URL signal; not endorsement
URL00286,http://x.com/i/article/1960341211408916480,x.com,1,1960557469521805359,Twitter/X archive,raw URL signal; not endorsement
URL00287,http://sarafu.network,sarafu.network,1,1960023490024673362,Twitter/X archive,raw URL signal; not endorsement
URL00288,http://x.com/i/article/1957868896142213120,x.com,1,1959623878092984469,Twitter/X archive,raw URL signal; not endorsement
URL00289,https://davidphelps.substack.com/p/persuasion-markets-a-manifesto,davidphelps.substack.com,1,1959362303683408335,Twitter/X archive,raw URL signal; not endorsement
URL00290,https://www.frontiersin.org/journals/blockchain/articles/10.3389/fbloc.2021.577680/full,frontiersin.org,1,1958892986755948890,Twitter/X archive,raw URL signal; not endorsement
URL00291,http://x.com/i/article/1957953922108129280,x.com,1,1958357140172902816,Twitter/X archive,raw URL signal; not endorsement
URL00292,https://www.frontiersin.org/research-topics/47075/blockchain-for-the-global-commons/magazine?utm_source=twitter&utm_medium=social&utm_campaign=rt_magazine_share&utm_content=rt47075,frontiersin.org,1,1957985474787897581,Twitter/X archive,raw URL signal; not endorsement
URL00293,https://tayken.beehiiv.com/p/q4-25,tayken.beehiiv.com,1,1957893616145170805,Twitter/X archive,raw URL signal; not endorsement
URL00294,https://vitalik.eth.limo/general/2025/08/12/onlyopensource.html,vitalik.eth.limo,1,1957615673737347381,Twitter/X archive,raw URL signal; not endorsement
URL00295,http://x.com/i/article/1957225173163139072,x.com,1,1957291154204192873,Twitter/X archive,raw URL signal; not endorsement
URL00296,https://paragraph.com/@holonic-horizons/beyond-funding-web3s-real-coordination-crisis-and-the-paradoxes-were-ignoring,paragraph.com,1,1956881364545900737,Twitter/X archive,raw URL signal; not endorsement
URL00297,https://gov.gitcoin.co/t/ann-partnership-gitcoin-x-giveth-quadratic-funding-for-oss-domain-in-gg24/23013,gov.gitcoin.co,1,1956367580681089305,Twitter/X archive,raw URL signal; not endorsement
URL00298,https://chones.xyz/2025/02/19/my-meme-coin-robot-tweeted/,chones.xyz,1,1956171689974251566,Twitter/X archive,raw URL signal; not endorsement
URL00299,https://www.researchretreat.org/papers/,researchretreat.org,1,1956168230197662024,Twitter/X archive,raw URL signal; not endorsement
URL00300,https://hackmd.io/@Carboclanc/SJFYXKt_ex,hackmd.io,1,1955884341558493634,Twitter/X archive,raw URL signal; not endorsement
URL00301,http://human.tech,human.tech,1,1955459117641826339,Twitter/X archive,raw URL signal; not endorsement
URL00302,http://x.com/i/article/2042284826888171520,x.com,1,2042634172154421299,Twitter/X archive,raw URL signal; not endorsement
URL00303,https://gainforest.gitbook.io/docs/solutions/ecocerts,gainforest.gitbook.io,1,1953286648868814870,Twitter/X archive,raw URL signal; not endorsement
URL00304,https://blog.ethereum.org/2025/07/31/lean-ethereum,blog.ethereum.org,1,1951541548081975756,Twitter/X archive,raw URL signal; not endorsement
URL00305,http://x.com/i/article/1950914537936556032,x.com,1,1951298073532965117,Twitter/X archive,raw URL signal; not endorsement
URL00306,https://carboncopy.news/features/interview-louise-borreani-pat-rawson-ecofrontiers-green-crypto-handbook-part-two/,carboncopy.news,1,1951295730355712487,Twitter/X archive,raw URL signal; not endorsement
URL00307,http://x.com/i/article/1945509263171854336,x.com,1,1951135147790672266,Twitter/X archive,raw URL signal; not endorsement
URL00308,https://www.traditionaldreamfactory.com//blog/2025-07-07-digital-nomads-in-portugal-finding-comm,traditionaldreamfactory.com,1,1950812739800105120,Twitter/X archive,raw URL signal; not endorsement
URL00309,http://x.com/i/article/1948777901974843392,x.com,1,1949943556153475359,Twitter/X archive,raw URL signal; not endorsement
URL00310,https://grassecon.substack.com/p/gainforest-and-grassroots-economics,grassecon.substack.com,1,1949661349291741397,Twitter/X archive,raw URL signal; not endorsement
URL00311,https://blog.uncommons.cc/p2p/,blog.uncommons.cc,1,1948756191737180572,Twitter/X archive,raw URL signal; not endorsement
URL00312,http://x.com/i/article/1948240173487288320,x.com,1,1948418494338334924,Twitter/X archive,raw URL signal; not endorsement
URL00313,http://x.com/i/article/1948017964315181056,x.com,1,1948408763637018792,Twitter/X archive,raw URL signal; not endorsement
URL00314,https://chones.xyz/2025/07/23/creation-of-chones-guild/,chones.xyz,1,1948172246411047274,Twitter/X archive,raw URL signal; not endorsement
URL00315,https://ecologyandsociety.org/vol27/iss3/art21/,ecologyandsociety.org,1,1948079255918649473,Twitter/X archive,raw URL signal; not endorsement
URL00316,http://Sarafu.Network,sarafu.network,1,1947459992329801928,Twitter/X archive,raw URL signal; not endorsement
URL00317,https://www.frontiersin.org/journals/blockchain/articles/10.3389/fbloc.2025.1564083/full,frontiersin.org,1,1945960129490198661,Twitter/X archive,raw URL signal; not endorsement
URL00318,http://x.com/i/article/1945880460216905728,x.com,1,1945959855799349502,Twitter/X archive,raw URL signal; not endorsement
URL00319,https://app.t2.world/t/cosmolocalism/explore,app.t2.world,1,1943959633556910505,Twitter/X archive,raw URL signal; not endorsement
URL00320,http://x.com/i/article/1940737705123430400,x.com,1,1943955905374044240,Twitter/X archive,raw URL signal; not endorsement
URL00321,http://x.com/i/article/1943250791784910848,x.com,1,1943758570262073710,Twitter/X archive,raw URL signal; not endorsement
URL00322,http://x.com/i/article/1942754655072837632,x.com,1,1943206473372139590,Twitter/X archive,raw URL signal; not endorsement
URL00323,http://x.com/i/article/1919027000095973376,x.com,1,1942595001185362089,Twitter/X archive,raw URL signal; not endorsement
URL00324,http://x.com/i/article/1933810565853630464,x.com,1,1942594239579177412,Twitter/X archive,raw URL signal; not endorsement
URL00325,https://paragraph.com/@guildguild/guilds-reference-architecture,paragraph.com,1,1942448431785443479,Twitter/X archive,raw URL signal; not endorsement
URL00326,https://paragraph.com/@greenpilldevguild/validating-the-regenerative-stack,paragraph.com,1,1942281361961660720,Twitter/X archive,raw URL signal; not endorsement
URL00327,https://paragraph.com/@greenpilldevguild/capital-formation-turning-impact-into-sustainable-revenue,paragraph.com,1,1941971449574457465,Twitter/X archive,raw URL signal; not endorsement
URL00328,https://www.resilience.org/stories/2025-07-01/agtech-for-agroecology/,resilience.org,1,1941884336166318416,Twitter/X archive,raw URL signal; not endorsement
URL00329,https://paragraph.com/@greenpilldevguild/green-goods-simplifying-impact-capture-and-exchange,paragraph.com,1,1941711360510886029,Twitter/X archive,raw URL signal; not endorsement
URL00330,https://paragraph.com/@greenpilldevguild/greenwill-powering-governance-through-reputation-tracking,paragraph.com,1,1941711074090160335,Twitter/X archive,raw URL signal; not endorsement
URL00331,http://x.com/i/article/1940197887226314752,x.com,1,1941702248813212001,Twitter/X archive,raw URL signal; not endorsement
URL00332,https://paragraph.com/@greenpilldevguild/the-allo-alliance-innovating-capital-allocation-on-chain,paragraph.com,1,1940839801860858287,Twitter/X archive,raw URL signal; not endorsement
URL00333,https://paragraph.com/@holonic-horizons/nothing-makes-sense-ai-and-information-ecology,paragraph.com,1,1940266801105182854,Twitter/X archive,raw URL signal; not endorsement
URL00334,https://paragraph.com/@greenpilldevguild/squad-staking-turning-validator-rewards-into-public-good,paragraph.com,1,1940206167541915979,Twitter/X archive,raw URL signal; not endorsement
URL00335,http://x.com/i/article/1938219034429870080,x.com,1,1939870097041940707,Twitter/X archive,raw URL signal; not endorsement
URL00336,https://paragraph.com/@greenpilldevguild/pioneering-a-regenerative-stack,paragraph.com,1,1939710465556291672,Twitter/X archive,raw URL signal; not endorsement
URL00337,http://x.com/i/article/1929532866582532096,x.com,1,1938804741225533556,Twitter/X archive,raw URL signal; not endorsement
URL00338,http://x.com/i/article/1938628629904424961,x.com,1,1938631941072523294,Twitter/X archive,raw URL signal; not endorsement
URL00339,http://Allo.capital/resources,allo.capital,1,1938315549357846533,Twitter/X archive,raw URL signal; not endorsement
URL00340,http://x.com/i/article/1934945050619691009,x.com,1,1937204486969209123,Twitter/X archive,raw URL signal; not endorsement
URL00341,http://x.com/i/article/1934741278547152896,x.com,1,1935787903465984123,Twitter/X archive,raw URL signal; not endorsement
URL00342,https://forms.gle/ptMdrioiHnfsEFxCA,forms.gle,1,1935366487998447940,Twitter/X archive,raw URL signal; not endorsement
URL00343,http://x.com/i/article/1933588820169019392,x.com,1,1933933942127898836,Twitter/X archive,raw URL signal; not endorsement
URL00344,http://x.com/i/article/1894383753398460416,x.com,1,1933933521438986679,Twitter/X archive,raw URL signal; not endorsement
URL00345,http://x.com/i/article/1932881598854168576,x.com,1,1933590491443908798,Twitter/X archive,raw URL signal; not endorsement
URL00346,http://mirror.xyz/gvish.eth/E8MDAxghx66s79cDJ-zYf31xGW7nO3q5wVu_quHIVUQ,mirror.xyz,1,1933589861895737707,Twitter/X archive,raw URL signal; not endorsement
URL00347,https://forms.gle/GCSrYqtKif961jc58,forms.gle,1,1932790412999033233,Twitter/X archive,raw URL signal; not endorsement
URL00348,https://gap.karmahq.xyz/project/greenpill-writers-guild?tab=updates,gap.karmahq.xyz,1,1931433821997592601,Twitter/X archive,raw URL signal; not endorsement
URL00349,https://paragraph.com/@paul2.eth/the-2-token-model-for-public-goods,paragraph.com,1,1930655238739956083,Twitter/X archive,raw URL signal; not endorsement
URL00350,https://discord.gg/greenpill,discord.gg,1,1923389830047625296,Twitter/X archive,raw URL signal; not endorsement
URL00351,https://t.me/+aKY9-tWebZU2MTQx,t.me,1,1923389830047625296,Twitter/X archive,raw URL signal; not endorsement
URL00352,https://greenpill.network/#book,greenpill.network,1,1911821259307995288,Twitter/X archive,raw URL signal; not endorsement
URL00353,https://www.demnext.org/projects/scaling-democratic-innovations,demnext.org,1,2042239083146010669,Twitter/X archive,raw URL signal; not endorsement
URL00354,https://github.com/coordination-structural-integrity-suite/suite,github.com,1,2041601798801162750,Twitter/X archive,raw URL signal; not endorsement
URL00355,http://x.com/i/article/2039415146863554560,x.com,1,2041601289780396035,Twitter/X archive,raw URL signal; not endorsement
URL00356,https://frameworks.securityalliance.org,frameworks.securityalliance.org,1,2041156211312038013,Twitter/X archive,raw URL signal; not endorsement
URL00357,https://innovators-thegoodshift.medium.com/the-quiet-roots-of-flourishing-why-participation-matters-2b007f62d1ea,innovators-thegoodshift.medium.com,1,2040189662715601298,Twitter/X archive,raw URL signal; not endorsement
URL00358,https://artofassociation.substack.com/p/practicing-pluralisma-conversation,artofassociation.substack.com,1,2039897556541424084,Twitter/X archive,raw URL signal; not endorsement
URL00359,https://vitalik.eth.limo/general/2026/04/02/secure_llms.html,vitalik.eth.limo,1,2039771881000042680,Twitter/X archive,raw URL signal; not endorsement
URL00360,https://github.com/durgadasji/standards,github.com,1,2039016367651758344,Twitter/X archive,raw URL signal; not endorsement
URL00361,http://x.com/i/article/2038227046099214336,x.com,1,2038302083938496890,Twitter/X archive,raw URL signal; not endorsement
URL00362,http://x.com/i/article/2037482545961742336,x.com,1,2037955309642162257,Twitter/X archive,raw URL signal; not endorsement
URL00363,http://x.com/i/article/2036902131392024576,x.com,1,2036916542839939475,Twitter/X archive,raw URL signal; not endorsement
URL00364,http://x.com/i/article/2036726641381056512,x.com,1,2036819785908998322,Twitter/X archive,raw URL signal; not endorsement
URL00365,https://docs.google.com/document/d/1FgWmWA5JcjItQviCg4GBnFnKFjr7LNan/edit?usp=sharing&ouid=111714784962310766626&rtpof=true&sd=true,docs.google.com,1,2036811741288439901,Twitter/X archive,raw URL signal; not endorsement
